{"cameraMode":{"drawMode":0,"name":"Shaded","section":"Shading Mode"},"sceneLighting":false,"audioPlay":false,"sceneViewState":{"showFog":true,"showMaterialUpdate":false,"showSkybox":true,"showFlares":true,"showImageEffects":true,"showParticleSystems":true},"in2DMode":false,"pivot":{"x":-110.17173767089844,"y":-0.08749914169311524,"z":22.025978088378908},"rotation":{"x":0.6347504258155823,"y":0.18202990293502809,"z":-0.1573510468006134,"w":0.7343009114265442},"size":156.809814453125,"orthographic":false}