{"cameraMode":{"drawMode":0,"name":"Shaded","section":"Shading Mode"},"sceneLighting":true,"audioPlay":false,"sceneViewState":{"showFog":true,"showMaterialUpdate":false,"showSkybox":true,"showFlares":true,"showImageEffects":true,"showParticleSystems":true},"in2DMode":false,"pivot":{"x":-38.62285232543945,"y":9.119365692138672,"z":-8.491960525512696},"rotation":{"x":-0.16765275597572328,"y":0.7350057363510132,"z":-0.19655831158161164,"w":-0.626916229724884},"size":107.94488525390625,"orthographic":false}