{"cameraMode":{"drawMode":0,"name":"Shaded","section":"Shading Mode"},"sceneLighting":true,"audioPlay":false,"sceneViewState":{"showFog":true,"showMaterialUpdate":false,"showSkybox":true,"showFlares":true,"showImageEffects":true,"showParticleSystems":true},"in2DMode":false,"pivot":{"x":5.587186336517334,"y":-7.6907958984375,"z":-0.7562146186828613},"rotation":{"x":-0.4694836139678955,"y":-0.5300484299659729,"z":0.514380693435669,"w":-0.4837833642959595},"size":91.63756561279297,"orthographic":false}