{"cameraMode":{"drawMode":0,"name":"Shaded","section":"Shading Mode"},"sceneLighting":false,"audioPlay":false,"sceneViewState":{"showFog":true,"showMaterialUpdate":false,"showSkybox":true,"showFlares":true,"showImageEffects":true,"showParticleSystems":true},"in2DMode":false,"pivot":{"x":6.899997711181641,"y":1.2224624156951905,"z":-59.649993896484378},"rotation":{"x":0.004370496608316898,"y":0.7949128746986389,"z":-0.6066808700561523,"w":0.0057265437208116058},"size":448.70318603515627,"orthographic":false}