{"cameraMode":{"drawMode":0,"name":"Shaded","section":"Shading Mode"},"sceneLighting":true,"audioPlay":false,"sceneViewState":{"showFog":true,"showMaterialUpdate":false,"showSkybox":true,"showFlares":true,"showImageEffects":true,"showParticleSystems":true},"in2DMode":false,"pivot":{"x":-1.1920928955078126e-7,"y":1.8984355926513672,"z":-4.120274543762207},"rotation":{"x":-0.04708373174071312,"y":0.7082703709602356,"z":-0.7027691006660461,"w":-0.04745336249470711},"size":73.7966079711914,"orthographic":true}