{"cameraMode":{"drawMode":0,"name":"Shaded","section":"Shading Mode"},"sceneLighting":false,"audioPlay":false,"sceneViewState":{"showFog":true,"showMaterialUpdate":false,"showSkybox":true,"showFlares":true,"showImageEffects":true,"showParticleSystems":true},"in2DMode":false,"pivot":{"x":0.08917236328125,"y":-5.8349761962890629,"z":-19.54096794128418},"rotation":{"x":-0.1899045705795288,"y":0.807976484298706,"z":-0.4255930483341217,"w":-0.36052849888801577},"size":89.31404876708985,"orthographic":false}