{"cameraMode":{"drawMode":0,"name":"Shaded","section":"Shading Mode"},"sceneLighting":false,"audioPlay":false,"sceneViewState":{"showFog":true,"showMaterialUpdate":false,"showSkybox":true,"showFlares":true,"showImageEffects":true,"showParticleSystems":true},"in2DMode":false,"pivot":{"x":-20.9500675201416,"y":-0.551971435546875,"z":-2.0996742248535158},"rotation":{"x":0.027483772486448289,"y":0.7033902406692505,"z":-0.7097499966621399,"w":0.027237530797719957},"size":39.07465744018555,"orthographic":false}