{"cameraMode":{"drawMode":0,"name":"Shaded","section":"Shading Mode"},"sceneLighting":false,"audioPlay":false,"sceneViewState":{"showFog":true,"showMaterialUpdate":false,"showSkybox":true,"showFlares":true,"showImageEffects":true,"showParticleSystems":true},"in2DMode":false,"pivot":{"x":-42.905235290527347,"y":-48.61009216308594,"z":-3.1270523071289064},"rotation":{"x":-0.1453544795513153,"y":0.7892672419548035,"z":-0.5603710412979126,"w":-0.204727903008461},"size":194.19667053222657,"orthographic":false}