{"cameraMode":{"drawMode":0,"name":"Shaded","section":"Shading Mode"},"sceneLighting":true,"audioPlay":false,"sceneViewState":{"showFog":true,"showMaterialUpdate":false,"showSkybox":true,"showFlares":true,"showImageEffects":true,"showParticleSystems":true},"in2DMode":false,"pivot":{"x":-7.850002288818359,"y":0.011231422424316407,"z":-54.12244415283203},"rotation":{"x":-0.2292783260345459,"y":-0.6674842238426209,"z":0.22818131744861604,"w":-0.6706933975219727},"size":465.9045715332031,"orthographic":false}