{"cameraMode":{"drawMode":0,"name":"Shaded","section":"Shading Mode"},"sceneLighting":true,"audioPlay":false,"sceneViewState":{"showFog":true,"showMaterialUpdate":false,"showSkybox":true,"showFlares":true,"showImageEffects":true,"showParticleSystems":true},"in2DMode":false,"pivot":{"x":6.18994140625,"y":2.115234375,"z":10.681640625},"rotation":{"x":-0.22722871601581574,"y":0.046723268926143649,"z":-0.010914376005530358,"w":-0.9726586937904358},"size":5.284984111785889,"orthographic":true}