{"cameraMode":{"drawMode":0,"name":"Shaded","section":"Shading Mode"},"sceneLighting":true,"audioPlay":true,"sceneViewState":{"showFog":true,"showMaterialUpdate":false,"showSkybox":true,"showFlares":true,"showImageEffects":true,"showParticleSystems":true},"in2DMode":false,"pivot":{"x":6.97161865234375,"y":1.197021484375,"z":10.879150390625},"rotation":{"x":-0.02022591605782509,"y":-0.9793787002563477,"z":0.1555401086807251,"w":-0.1273403912782669},"size":0.3139446973800659,"orthographic":true}