{"cameraMode":{"drawMode":0,"name":"Shaded","section":"Shading Mode"},"sceneLighting":false,"audioPlay":false,"sceneViewState":{"showFog":true,"showMaterialUpdate":false,"showSkybox":true,"showFlares":true,"showImageEffects":true,"showParticleSystems":true},"in2DMode":false,"pivot":{"x":-21.25855827331543,"y":-109.42462158203125,"z":3.9028470516204836},"rotation":{"x":-0.47785165905952456,"y":0.5216235518455505,"z":-0.4833291172981262,"w":-0.5157128572463989},"size":524.4747924804688,"orthographic":false}