{"cameraMode":{"drawMode":0,"name":"Shaded","section":"Shading Mode"},"sceneLighting":false,"audioPlay":false,"sceneViewState":{"showFog":true,"showMaterialUpdate":false,"showSkybox":true,"showFlares":true,"showImageEffects":true,"showParticleSystems":true},"in2DMode":false,"pivot":{"x":-3.9411630630493166,"y":15.331877708435059,"z":-6.8634819984436039},"rotation":{"x":0.6347504258155823,"y":0.18202990293502809,"z":-0.1573510468006134,"w":0.7343009114265442},"size":56.64045333862305,"orthographic":false}