{"cameraMode":{"drawMode":0,"name":"Shaded","section":"Shading Mode"},"sceneLighting":false,"audioPlay":false,"sceneViewState":{"showFog":true,"showMaterialUpdate":false,"showSkybox":true,"showFlares":true,"showImageEffects":true,"showParticleSystems":true},"in2DMode":false,"pivot":{"x":0.8630024194717407,"y":0.6480765342712402,"z":0.14519727230072022},"rotation":{"x":-0.21305061876773835,"y":-0.6700349450111389,"z":0.21013161540031434,"w":-0.6793433427810669},"size":7.6070027351379398,"orthographic":true}