{"cameraMode":{"drawMode":0,"name":"Shaded","section":"Shading Mode"},"sceneLighting":false,"audioPlay":false,"sceneViewState":{"showFog":true,"showMaterialUpdate":false,"showSkybox":true,"showFlares":true,"showImageEffects":true,"showParticleSystems":true},"in2DMode":false,"pivot":{"x":-114.70259094238281,"y":30.691347122192384,"z":53.405269622802737},"rotation":{"x":-0.2203773558139801,"y":0.7793135643005371,"z":-0.40215829014778139,"w":-0.42705148458480837},"size":92.42851257324219,"orthographic":false}