{"cameraMode":{"drawMode":0,"name":"Shaded","section":"Shading Mode"},"sceneLighting":false,"audioPlay":false,"sceneViewState":{"showFog":true,"showMaterialUpdate":false,"showSkybox":true,"showFlares":true,"showImageEffects":true,"showParticleSystems":true},"in2DMode":false,"pivot":{"x":-122.01000213623047,"y":0.0,"z":-90.9000015258789},"rotation":{"x":0.004370496608316898,"y":0.7949128746986389,"z":-0.6066808700561523,"w":0.0057265437208116058},"size":408.14727783203127,"orthographic":false}