{"cameraMode":{"drawMode":0,"name":"Shaded","section":"Shading Mode"},"sceneLighting":true,"audioPlay":false,"sceneViewState":{"showFog":false,"showMaterialUpdate":false,"showSkybox":false,"showFlares":false,"showImageEffects":false,"showParticleSystems":false},"in2DMode":false,"pivot":{"x":-18.766544342041017,"y":1.9182039499282838,"z":5.371912956237793},"rotation":{"x":-0.04013169929385185,"y":-0.04794740304350853,"z":-0.0019282374996691943,"w":0.9980415105819702},"size":9.146026611328125,"orthographic":false}