{"cameraMode":{"drawMode":0,"name":"Shaded","section":"Shading Mode"},"sceneLighting":true,"audioPlay":false,"sceneViewState":{"showFog":true,"showMaterialUpdate":false,"showSkybox":true,"showFlares":true,"showImageEffects":true,"showParticleSystems":true},"in2DMode":false,"pivot":{"x":6.579999923706055,"y":0.9960000514984131,"z":9.791000366210938},"rotation":{"x":-0.005999553017318249,"y":0.011999796144664288,"z":-0.00007429654215229675,"w":-0.9999099969863892},"size":1.566561222076416,"orthographic":true}