{"cameraMode":{"drawMode":0,"name":"Shaded","section":"Shading Mode"},"sceneLighting":true,"audioPlay":false,"sceneViewState":{"showFog":true,"showMaterialUpdate":false,"showSkybox":true,"showFlares":true,"showImageEffects":true,"showParticleSystems":true},"in2DMode":false,"pivot":{"x":-4.173365116119385,"y":-4.6401824951171879,"z":6.715498447418213},"rotation":{"x":-0.12997233867645265,"y":0.7574328184127808,"z":-0.6198194622993469,"w":-0.15882925689220429},"size":41.96563720703125,"orthographic":false}