{"cameraMode":{"drawMode":0,"name":"Shaded","section":"Shading Mode"},"sceneLighting":false,"audioPlay":false,"sceneViewState":{"showFog":true,"showMaterialUpdate":false,"showSkybox":true,"showFlares":true,"showImageEffects":true,"showParticleSystems":true},"in2DMode":false,"pivot":{"x":-0.3119964599609375,"y":1.1399993896484376,"z":-1.3500001430511475},"rotation":{"x":0.49988263845443728,"y":-0.08829605579376221,"z":0.05132058262825012,"w":0.8600507974624634},"size":318.787353515625,"orthographic":true}