{"cameraMode":{"drawMode":0,"name":"Shaded","section":"Shading Mode"},"sceneLighting":true,"audioPlay":false,"sceneViewState":{"showFog":true,"showMaterialUpdate":false,"showSkybox":true,"showFlares":true,"showImageEffects":true,"showParticleSystems":true},"in2DMode":false,"pivot":{"x":-36.76565170288086,"y":15.247623443603516,"z":-1.645038366317749},"rotation":{"x":-0.1216932013630867,"y":0.7514849901199341,"z":-0.6320824027061462,"w":-0.14468225836753846},"size":97.78609466552735,"orthographic":false}