{"cameraMode":{"drawMode":0,"name":"Shaded","section":"Shading Mode"},"sceneLighting":false,"audioPlay":false,"sceneViewState":{"showFog":true,"showMaterialUpdate":false,"showSkybox":true,"showFlares":true,"showImageEffects":true,"showParticleSystems":true},"in2DMode":false,"pivot":{"x":-1.1920928955078126e-7,"y":1.8984355926513672,"z":3.0497255325317385},"rotation":{"x":-0.17550724744796754,"y":-0.6707387566566467,"z":0.16798396408557893,"w":-0.7007768154144287},"size":31.9762020111084,"orthographic":true}