{"cameraMode":{"drawMode":0,"name":"Shaded","section":"Shading Mode"},"sceneLighting":false,"audioPlay":false,"sceneViewState":{"showFog":true,"showMaterialUpdate":false,"showSkybox":true,"showFlares":true,"showImageEffects":true,"showParticleSystems":true},"in2DMode":false,"pivot":{"x":-108.0263442993164,"y":-9.542640686035157,"z":-58.439735412597659},"rotation":{"x":0.4001648724079132,"y":0.5980355143547058,"z":-0.5201013088226318,"w":0.46012648940086367},"size":133.22093200683595,"orthographic":false}