{"cameraMode":{"drawMode":0,"name":"Shaded","section":"Shading Mode"},"sceneLighting":false,"audioPlay":false,"sceneViewState":{"showFog":true,"showMaterialUpdate":false,"showSkybox":true,"showFlares":true,"showImageEffects":true,"showParticleSystems":true},"in2DMode":false,"pivot":{"x":1.1309113502502442,"y":-0.9268505573272705,"z":-4.937639236450195},"rotation":{"x":0.1487366408109665,"y":0.7942493557929993,"z":-0.21545839309692384,"w":0.5482911467552185},"size":6.592160701751709,"orthographic":false}