{"cameraMode":{"drawMode":0,"name":"Shaded","section":"Shading Mode"},"sceneLighting":true,"audioPlay":false,"sceneViewState":{"showFog":true,"showMaterialUpdate":false,"showSkybox":true,"showFlares":true,"showImageEffects":true,"showParticleSystems":true},"in2DMode":false,"pivot":{"x":6.9022979736328129,"y":1.198944091796875,"z":10.8505859375},"rotation":{"x":-0.02022591605782509,"y":-0.9793787002563477,"z":0.1555400937795639,"w":-0.1273403912782669},"size":0.34872207045555117,"orthographic":true}