{"cameraMode":{"drawMode":0,"name":"Shaded","section":"Shading Mode"},"sceneLighting":false,"audioPlay":false,"sceneViewState":{"showFog":true,"showMaterialUpdate":false,"showSkybox":true,"showFlares":true,"showImageEffects":true,"showParticleSystems":true},"in2DMode":false,"pivot":{"x":-89.35436248779297,"y":-103.31919860839844,"z":37.038551330566409},"rotation":{"x":-0.11549396067857743,"y":0.8512517213821411,"z":-0.4664914608001709,"w":-0.21075426042079926},"size":705.7611083984375,"orthographic":false}