{"cameraMode":{"drawMode":0,"name":"Shaded","section":"Shading Mode"},"sceneLighting":true,"audioPlay":false,"sceneViewState":{"showFog":true,"showMaterialUpdate":false,"showSkybox":true,"showFlares":true,"showImageEffects":true,"showParticleSystems":true},"in2DMode":false,"pivot":{"x":-0.4635993242263794,"y":0.7122476100921631,"z":0.40720033645629885},"rotation":{"x":-0.038714852184057239,"y":0.9480932950973511,"z":-0.288932204246521,"w":-0.12703745067119599},"size":6.044535160064697,"orthographic":false}